Type d'acte;Année;Arrondissement;Nombres
Naissances;2004;1er arrdt;7
Naissances;2004;12ème arrdt;8092
Naissances;2005;7ème arrdt;3
Naissances;2008;1er arrdt;4
Naissances;2008;12ème arrdt;10831
Naissances;2009;3ème arrdt;5
Naissances;2010;9ème arrdt;1
Naissances;2010;13ème arrdt;3264
Naissances;2013;18ème arrdt;2202
Naissances;2014;15ème arrdt;5960
Naissances;2015;4ème arrdt;1
Naissances;2016;10ème arrdt;2627
Naissances;2018;5ème arrdt;2
Naissances;2018;7ème arrdt;0
Naissances;2019;5ème arrdt;3
Naissances;2020;14ème arrdt;10384
Naissances;2020;17ème arrdt;1237
Reconnaissances;2004;4ème arrdt;144
Reconnaissances;2004;8ème arrdt;140
Reconnaissances;2004;19ème arrdt;1579
Reconnaissances;2005;5ème arrdt;192
Reconnaissances;2005;18ème arrdt;2170
Reconnaissances;2006;2ème arrdt;101
Reconnaissances;2006;6ème arrdt;109
Reconnaissances;2008;12ème arrdt;865
Reconnaissances;2009;12ème arrdt;792
Reconnaissances;2009;13ème arrdt;922
Reconnaissances;2009;17ème arrdt;607
Reconnaissances;2010;4ème arrdt;104
Reconnaissances;2010;5ème arrdt;149
Reconnaissances;2010;6ème arrdt;91
Reconnaissances;2012;7ème arrdt;87
Reconnaissances;2012;18ème arrdt;1200
Reconnaissances;2013;1er arrdt;54
Reconnaissances;2013;3ème arrdt;141
Reconnaissances;2014;19ème arrdt;1041
Reconnaissances;2015;9ème arrdt;223
Reconnaissances;2016;3ème arrdt;133
Reconnaissances;2016;17ème arrdt;548
Reconnaissances;2016;18ème arrdt;1210
Reconnaissances;2018;3ème arrdt;116
Reconnaissances;2018;12ème arrdt;747
Reconnaissances;2019;10ème arrdt;589
Reconnaissances;2019;20ème arrdt;784
Reconnaissances;2020;5ème arrdt;99
Reconnaissances;2020;16ème arrdt;205
Mariages;2004;5ème arrdt;336
Mariages;2005;7ème arrdt;284
Mariages;2005;13ème arrdt;866
Mariages;2006;1er arrdt;120
Mariages;2006;11ème arrdt;734
Naissances;2004;3ème arrdt;4
Mariages;2006;18ème arrdt;1079
Naissances;2004;19ème arrdt;2649
Mariages;2010;16ème arrdt;747
Naissances;2006;9ème arrdt;3
Mariages;2013;8ème arrdt;212
Naissances;2007;5ème arrdt;2
Mariages;2014;20ème arrdt;787
Naissances;2007;13ème arrdt;3288
Mariages;2015;1er arrdt;105
Naissances;2009;7ème arrdt;3
Mariages;2015;11ème arrdt;621
Naissances;2009;20ème arrdt;2279
Mariages;2018;9ème arrdt;311
Naissances;2010;8ème arrdt;2
Mariages;2019;10ème arrdt;361
Naissances;2011;3ème arrdt;5
Décès;2006;18ème arrdt;1527
Naissances;2011;6ème arrdt;1
Décès;2007;19ème arrdt;455
Naissances;2014;4ème arrdt;1
Décès;2008;15ème arrdt;3397
Naissances;2016;15ème arrdt;5830
Décès;2009;6ème arrdt;104
Naissances;2016;16ème arrdt;1283
Décès;2009;17ème arrdt;359
Naissances;2019;11ème arrdt;8
Décès;2013;6ème arrdt;112
Reconnaissances;2004;7ème arrdt;154
Décès;2014;9ème arrdt;104
Reconnaissances;2005;2ème arrdt;115
Décès;2014;15ème arrdt;3415
Reconnaissances;2005;11ème arrdt;1445
Décès;2016;14ème arrdt;2195
Reconnaissances;2006;19ème arrdt;1579
Décès;2019;7ème arrdt;152
Reconnaissances;2008;19ème arrdt;1074
Décès;2020;6ème arrdt;127
Reconnaissances;2008;20ème arrdt;1020
PACS;2017;8ème arrdt;52
Reconnaissances;2010;9ème arrdt;251
PACS;2018;8ème arrdt;96
Reconnaissances;2011;2ème arrdt;116
PACS;2018;14ème arrdt;568
Reconnaissances;2012;12ème arrdt;774
PACS;2019;11ème arrdt;830
Reconnaissances;2014;20ème arrdt;980
PACS;2020;10ème arrdt;451
Reconnaissances;2015;13ème arrdt;913
Reconnaissances;2018;7ème arrdt;96
Reconnaissances;2019;11ème arrdt;583
Reconnaissances;2020;10ème arrdt;542
Reconnaissances;2020;11ème arrdt;520
Mariages;2005;4ème arrdt;133
Mariages;2006;12ème arrdt;591
Mariages;2007;3ème arrdt;216
Mariages;2007;4ème arrdt;161
Mariages;2007;9ème arrdt;326
Mariages;2010;7ème arrdt;259
Mariages;2010;11ème arrdt;584
Mariages;2011;5ème arrdt;300
Mariages;2013;12ème arrdt;550
Mariages;2013;20ème arrdt;733
Mariages;2016;5ème arrdt;273
Mariages;2017;4ème arrdt;148
Mariages;2018;12ème arrdt;512
Décès;2005;9ème arrdt;125
Décès;2007;9ème arrdt;93
Décès;2008;11ème arrdt;302
Décès;2009;15ème arrdt;3336
Décès;2010;1er arrdt;43
Décès;2012;3ème arrdt;65
Décès;2012;19ème arrdt;971
Décès;2013;2ème arrdt;33
Décès;2014;8ème arrdt;83
Décès;2015;1er arrdt;36
Décès;2015;10ème arrdt;1371
Décès;2016;1er arrdt;37
Décès;2018;7ème arrdt;163
Décès;2020;12ème arrdt;1866
PACS;2017;9ème arrdt;126
PACS;2018;12ème arrdt;770
PACS;2018;17ème arrdt;734
PACS;2019;10ème arrdt;488
PACS;2020;17ème arrdt;666
Naissances;2004;5ème arrdt;6
Naissances;2005;11ème arrdt;2776
Naissances;2006;6ème arrdt;4
Naissances;2007;12ème arrdt;9898
Naissances;2007;17ème arrdt;1823
Naissances;2008;20ème arrdt;2316
Naissances;2009;11ème arrdt;1255
Naissances;2011;13ème arrdt;3334
Naissances;2011;19ème arrdt;3014
Naissances;2012;5ème arrdt;3
Naissances;2012;20ème arrdt;2518
Naissances;2013;8ème arrdt;1
Naissances;2013;12ème arrdt;9157
Naissances;2015;6ème arrdt;0
Naissances;2017;3ème arrdt;2
Naissances;2017;10ème arrdt;2352
Naissances;2020;16ème arrdt;1100
Reconnaissances;2004;11ème arrdt;1496
Reconnaissances;2004;20ème arrdt;1115
Reconnaissances;2006;18ème arrdt;1838
Reconnaissances;2007;6ème arrdt;72
Reconnaissances;2007;16ème arrdt;311
Reconnaissances;2008;5ème arrdt;162
Reconnaissances;2008;14ème arrdt;746
Reconnaissances;2008;17ème arrdt;583
Reconnaissances;2009;15ème arrdt;859
Reconnaissances;2010;10ème arrdt;546
Reconnaissances;2010;15ème arrdt;853
Reconnaissances;2012;15ème arrdt;874
Reconnaissances;2013;7ème arrdt;91
Reconnaissances;2015;3ème arrdt;136
Reconnaissances;2015;12ème arrdt;759
Reconnaissances;2016;8ème arrdt;113
Reconnaissances;2016;12ème arrdt;699
Reconnaissances;2017;9ème arrdt;232
Reconnaissances;2017;14ème arrdt;656
Reconnaissances;2018;14ème arrdt;651
Reconnaissances;2019;14ème arrdt;589
Reconnaissances;2019;15ème arrdt;762
Mariages;2005;5ème arrdt;290
Mariages;2007;19ème arrdt;924
Mariages;2008;7ème arrdt;271
Mariages;2009;5ème arrdt;293
Mariages;2009;18ème arrdt;756
Mariages;2011;1er arrdt;98
Mariages;2011;6ème arrdt;194
Mariages;2011;12ème arrdt;527
Mariages;2012;4ème arrdt;121
Mariages;2012;16ème arrdt;763
Mariages;2012;20ème arrdt;727
Mariages;2014;2ème arrdt;150
Mariages;2014;5ème arrdt;270
Mariages;2014;11ème arrdt;742
Mariages;2016;7ème arrdt;250
Mariages;2016;11ème arrdt;661
Mariages;2018;13ème arrdt;634
Mariages;2020;14ème arrdt;330
Mariages;2020;17ème arrdt;336
Mariages;2020;18ème arrdt;492
Décès;2005;20ème arrdt;1363
Décès;2006;2ème arrdt;42
Décès;2007;3ème arrdt;55
Décès;2007;11ème arrdt;306
Décès;2009;1er arrdt;39
Décès;2010;4ème arrdt;295
Décès;2010;6ème arrdt;114
Décès;2011;15ème arrdt;3261
Décès;2015;14ème arrdt;2087
Décès;2017;17ème arrdt;373
Décès;2018;3ème arrdt;45
Décès;2019;14ème arrdt;2161
PACS;2017;14ème arrdt;148
PACS;2018;2ème arrdt;120
PACS;2019;13ème arrdt;673
Naissances;2005;2ème arrdt;1
Naissances;2005;10ème arrdt;2123
Naissances;2005;19ème arrdt;2711
Naissances;2008;9ème arrdt;5
Naissances;2004;11ème arrdt;2903
Naissances;2010;4ème arrdt;1
Naissances;2004;15ème arrdt;4321
Naissances;2010;5ème arrdt;3
Naissances;2005;1er arrdt;1
Naissances;2010;7ème arrdt;4
Naissances;2005;17ème arrdt;2022
Naissances;2012;16ème arrdt;1439
Naissances;2007;4ème arrdt;4
Naissances;2013;1er arrdt;0
Naissances;2007;10ème arrdt;2248
Naissances;2013;4ème arrdt;1
Naissances;2008;11ème arrdt;865
Naissances;2014;14ème arrdt;10673
Naissances;2009;15ème arrdt;5210
Naissances;2015;16ème arrdt;1328
Naissances;2009;19ème arrdt;3051
Naissances;2016;8ème arrdt;2
Naissances;2010;2ème arrdt;0
Naissances;2018;3ème arrdt;1
Naissances;2012;2ème arrdt;2
Naissances;2019;15ème arrdt;6463
Naissances;2012;13ème arrdt;3736
Naissances;2020;3ème arrdt;2
Naissances;2013;6ème arrdt;0
Reconnaissances;2004;5ème arrdt;180
Naissances;2015;17ème arrdt;1567
Reconnaissances;2004;13ème arrdt;1319
Naissances;2016;9ème arrdt;1
Reconnaissances;2008;4ème arrdt;113
Naissances;2018;10ème arrdt;2358
Reconnaissances;2009;1er arrdt;66
Naissances;2020;15ème arrdt;6226
Reconnaissances;2010;17ème arrdt;645
Reconnaissances;2005;1er arrdt;70
Reconnaissances;2011;15ème arrdt;874
Reconnaissances;2006;10ème arrdt;832
Reconnaissances;2012;6ème arrdt;66
Reconnaissances;2007;8ème arrdt;124
Reconnaissances;2012;16ème arrdt;295
Reconnaissances;2007;15ème arrdt;831
Reconnaissances;2012;17ème arrdt;558
Reconnaissances;2009;4ème arrdt;107
Reconnaissances;2013;11ème arrdt;679
Reconnaissances;2009;6ème arrdt;105
Reconnaissances;2014;14ème arrdt;775
Reconnaissances;2011;13ème arrdt;928
Reconnaissances;2015;2ème arrdt;99
Reconnaissances;2011;18ème arrdt;1216
Reconnaissances;2016;19ème arrdt;959
Reconnaissances;2012;13ème arrdt;953
Reconnaissances;2017;7ème arrdt;86
Reconnaissances;2012;19ème arrdt;1079
Reconnaissances;2017;15ème arrdt;811
Reconnaissances;2014;12ème arrdt;771
Reconnaissances;2018;6ème arrdt;102
Reconnaissances;2017;1er arrdt;55
Reconnaissances;2018;17ème arrdt;513
Reconnaissances;2017;17ème arrdt;487
Mariages;2004;8ème arrdt;240
Reconnaissances;2018;4ème arrdt;95
Mariages;2004;14ème arrdt;661
Reconnaissances;2018;20ème arrdt;727
Mariages;2005;10ème arrdt;609
Reconnaissances;2019;2ème arrdt;85
Mariages;2008;20ème arrdt;756
Reconnaissances;2019;6ème arrdt;74
Mariages;2010;10ème arrdt;423
Mariages;2004;2ème arrdt;146
Mariages;2011;11ème arrdt;605
Mariages;2006;17ème arrdt;612
Mariages;2016;8ème arrdt;195
Mariages;2007;6ème arrdt;228
Mariages;2017;13ème arrdt;646
Mariages;2007;12ème arrdt;513
Mariages;2017;15ème arrdt;936
Mariages;2007;18ème arrdt;943
Mariages;2018;4ème arrdt;130
Mariages;2008;11ème arrdt;606
Mariages;2019;6ème arrdt;175
Mariages;2011;20ème arrdt;597
Mariages;2020;13ème arrdt;484
Mariages;2012;6ème arrdt;219
Décès;2004;9ème arrdt;99
Mariages;2012;14ème arrdt;535
Décès;2006;1er arrdt;39
Mariages;2013;17ème arrdt;526
Décès;2006;15ème arrdt;3060
Mariages;2014;10ème arrdt;452
Décès;2007;4ème arrdt;333
Mariages;2017;19ème arrdt;811
Décès;2008;3ème arrdt;55
Mariages;2017;20ème arrdt;745
Décès;2010;13ème arrdt;2059
Mariages;2018;5ème arrdt;263
Décès;2012;16ème arrdt;948
Mariages;2019;1er arrdt;116
Décès;2013;1er arrdt;37
Mariages;2019;9ème arrdt;304
Décès;2013;4ème arrdt;129
Mariages;2020;11ème arrdt;428
Décès;2013;9ème arrdt;79
Décès;2004;13ème arrdt;1851
Décès;2015;18ème arrdt;1491
Décès;2005;3ème arrdt;61
Décès;2016;2ème arrdt;20
Décès;2005;17ème arrdt;354
Décès;2016;5ème arrdt;370
Décès;2007;15ème arrdt;3184
Décès;2016;18ème arrdt;1668
Décès;2008;4ème arrdt;284
Décès;2017;19ème arrdt;1055
Décès;2008;10ème arrdt;1444
Décès;2017;20ème arrdt;1142
Décès;2008;13ème arrdt;2006
Décès;2019;20ème arrdt;1076
Décès;2009;3ème arrdt;48
Décès;2020;4ème arrdt;48
Décès;2009;8ème arrdt;116
PACS;2020;1er arrdt;38
Décès;2010;5ème arrdt;603
PACS;2020;12ème arrdt;452
Décès;2011;3ème arrdt;53
PACS;2020;13ème arrdt;523
Décès;2011;18ème arrdt;1362
PACS;2020;14ème arrdt;344
Décès;2013;8ème arrdt;94
Décès;2018;2ème arrdt;29
Décès;2018;4ème arrdt;59
Décès;2018;19ème arrdt;1166
Décès;2019;3ème arrdt;42
Décès;2020;2ème arrdt;24
Naissances;2005;5ème arrdt;3
Naissances;2006;11ème arrdt;2769
Naissances;2007;6ème arrdt;1
Naissances;2008;18ème arrdt;2323
Naissances;2014;10ème arrdt;2679
Naissances;2006;7ème arrdt;0
Naissances;2016;7ème arrdt;0
Naissances;2006;10ème arrdt;2312
Naissances;2016;14ème arrdt;11046
Naissances;2007;1er arrdt;2
Naissances;2017;1er arrdt;1
Naissances;2011;9ème arrdt;3
Naissances;2017;18ème arrdt;2138
Naissances;2013;7ème arrdt;1
Naissances;2018;4ème arrdt;2
Naissances;2014;1er arrdt;0
Naissances;2019;2ème arrdt;1
Naissances;2019;18ème arrdt;2095
Naissances;2019;8ème arrdt;4
Reconnaissances;2005;3ème arrdt;182
Naissances;2019;9ème arrdt;1
Reconnaissances;2005;19ème arrdt;1650
Naissances;2020;1er arrdt;1
Reconnaissances;2007;18ème arrdt;1374
Naissances;2020;12ème arrdt;8785
Reconnaissances;2008;16ème arrdt;298
Reconnaissances;2005;7ème arrdt;130
Reconnaissances;2010;1er arrdt;68
Reconnaissances;2005;20ème arrdt;1194
Reconnaissances;2012;4ème arrdt;93
Reconnaissances;2006;8ème arrdt;124
Reconnaissances;2016;20ème arrdt;840
Reconnaissances;2007;2ème arrdt;110
Reconnaissances;2018;10ème arrdt;585
Reconnaissances;2007;10ème arrdt;685
Reconnaissances;2020;1er arrdt;23
Reconnaissances;2007;20ème arrdt;1052
Mariages;2004;9ème arrdt;329
Reconnaissances;2008;11ème arrdt;761
Mariages;2004;10ème arrdt;634
Reconnaissances;2010;18ème arrdt;1297
Mariages;2004;19ème arrdt;1170
Reconnaissances;2011;1er arrdt;48
Mariages;2005;2ème arrdt;150
Reconnaissances;2011;14ème arrdt;712
Mariages;2005;15ème arrdt;1101
Reconnaissances;2012;1er arrdt;62
Mariages;2006;3ème arrdt;235
Reconnaissances;2014;7ème arrdt;83
Mariages;2006;7ème arrdt;284
Reconnaissances;2015;4ème arrdt;97
Mariages;2008;2ème arrdt;112
Reconnaissances;2015;19ème arrdt;862
Mariages;2008;18ème arrdt;784
Reconnaissances;2018;13ème arrdt;920
Mariages;2009;2ème arrdt;118
Reconnaissances;2019;18ème arrdt;1107
Mariages;2009;7ème arrdt;259
Reconnaissances;2020;14ème arrdt;464
Mariages;2009;10ème arrdt;428
Mariages;2005;6ème arrdt;238
Mariages;2009;12ème arrdt;508
Mariages;2005;19ème arrdt;1154
Mariages;2010;2ème arrdt;132
Mariages;2007;15ème arrdt;958
Mariages;2011;13ème arrdt;680
Mariages;2008;10ème arrdt;411
Mariages;2011;17ème arrdt;498
Mariages;2013;5ème arrdt;262
Mariages;2017;17ème arrdt;518
Mariages;2013;6ème arrdt;199
Mariages;2020;19ème arrdt;503
Mariages;2013;7ème arrdt;244
Décès;2005;10ème arrdt;1414
Mariages;2014;3ème arrdt;261
Décès;2006;4ème arrdt;349
Mariages;2015;10ème arrdt;374
Décès;2006;5ème arrdt;533
Mariages;2020;2ème arrdt;54
Décès;2007;1er arrdt;44
Mariages;2020;8ème arrdt;151
Décès;2007;8ème arrdt;122
Mariages;2020;16ème arrdt;525
Décès;2007;13ème arrdt;1918
Décès;2004;8ème arrdt;146
Décès;2009;4ème arrdt;301
Décès;2005;2ème arrdt;46
Décès;2009;13ème arrdt;2056
Décès;2005;8ème arrdt;121
Décès;2010;3ème arrdt;50
Décès;2005;15ème arrdt;2744
Décès;2013;17ème arrdt;389
Décès;2006;12ème arrdt;1511
Décès;2013;20ème arrdt;1134
Décès;2006;20ème arrdt;1302
Décès;2014;13ème arrdt;2042
Décès;2010;17ème arrdt;390
Décès;2015;2ème arrdt;29
Décès;2012;2ème arrdt;26
Décès;2015;19ème arrdt;1140
Décès;2012;11ème arrdt;273
Décès;2016;15ème arrdt;3436
Décès;2014;1er arrdt;26
Décès;2018;9ème arrdt;105
Décès;2014;2ème arrdt;18
Décès;2018;18ème arrdt;1628
Décès;2015;3ème arrdt;54
Décès;2019;1er arrdt;27
Décès;2017;15ème arrdt;3710
Décès;2019;2ème arrdt;30
Décès;2018;5ème arrdt;382
Décès;2020;14ème arrdt;2639
Décès;2019;13ème arrdt;2269
Décès;2020;20ème arrdt;1395
PACS;2018;5ème arrdt;232
PACS;2017;1er arrdt;27
PACS;2019;8ème arrdt;104
PACS;2017;18ème arrdt;208
PACS;2020;3ème arrdt;110
PACS;2017;20ème arrdt;159
PACS;2019;1er arrdt;67
PACS;2019;12ème arrdt;703
PACS;2020;2ème arrdt;78
Naissances;2004;13ème arrdt;3447
Naissances;2004;20ème arrdt;2159
Naissances;2005;3ème arrdt;3
Naissances;2005;18ème arrdt;2370
Naissances;2006;2ème arrdt;0
Naissances;2006;12ème arrdt;8350
Naissances;2009;4ème arrdt;2
Naissances;2009;13ème arrdt;3388
Naissances;2012;3ème arrdt;2
Naissances;2012;11ème arrdt;705
Naissances;2012;18ème arrdt;2160
Naissances;2014;5ème arrdt;1
Naissances;2015;2ème arrdt;1
Naissances;2015;19ème arrdt;2988
Naissances;2017;9ème arrdt;2
Naissances;2017;20ème arrdt;2615
Naissances;2018;20ème arrdt;2529
Naissances;2020;4ème arrdt;0
Reconnaissances;2006;5ème arrdt;158
Reconnaissances;2006;7ème arrdt;119
Reconnaissances;2006;11ème arrdt;1207
Reconnaissances;2008;8ème arrdt;108
Reconnaissances;2011;10ème arrdt;549
Reconnaissances;2017;12ème arrdt;718
Reconnaissances;2019;8ème arrdt;119
Reconnaissances;2019;17ème arrdt;492
Reconnaissances;2020;3ème arrdt;157
Mariages;2004;4ème arrdt;152
Mariages;2004;16ème arrdt;888
Mariages;2005;18ème arrdt;1095
Mariages;2006;6ème arrdt;202
Mariages;2006;15ème arrdt;991
Mariages;2007;7ème arrdt;299
Mariages;2007;8ème arrdt;192
Mariages;2009;15ème arrdt;947
Mariages;2011;18ème arrdt;730
Mariages;2012;3ème arrdt;201
Mariages;2012;11ème arrdt;661
Mariages;2013;1er arrdt;102
Mariages;2014;12ème arrdt;625
Mariages;2016;17ème arrdt;512
Mariages;2016;20ème arrdt;698
Mariages;2017;2ème arrdt;124
Mariages;2017;8ème arrdt;217
Mariages;2017;16ème arrdt;807
Mariages;2020;12ème arrdt;336
Décès;2004;18ème arrdt;1497
Décès;2005;4ème arrdt;374
Décès;2005;7ème arrdt;211
Décès;2005;12ème arrdt;1549
Décès;2006;11ème arrdt;293
Décès;2007;6ème arrdt;120
Décès;2008;1er arrdt;39
Décès;2011;9ème arrdt;95
Décès;2012;7ème arrdt;186
Décès;2012;12ème arrdt;1583
Décès;2012;14ème arrdt;2015
Décès;2012;17ème arrdt;358
Décès;2013;11ème arrdt;233
Décès;2014;11ème arrdt;223
Décès;2014;20ème arrdt;1114
Décès;2015;16ème arrdt;1006
Décès;2016;6ème arrdt;95
Décès;2016;19ème arrdt;1089
Décès;2017;5ème arrdt;328
Décès;2017;13ème arrdt;2281
Décès;2018;15ème arrdt;3565
Décès;2019;10ème arrdt;1333
Décès;2019;12ème arrdt;1716
Décès;2020;18ème arrdt;1787
PACS;2019;6ème arrdt;133
PACS;2019;18ème arrdt;935
PACS;2020;6ème arrdt;107
Naissances;2004;17ème arrdt;2226
Naissances;2005;4ème arrdt;0
Naissances;2005;12ème arrdt;7762
Naissances;2006;8ème arrdt;3
Naissances;2006;14ème arrdt;10429
Naissances;2007;7ème arrdt;1
Naissances;2007;19ème arrdt;2928
Naissances;2009;5ème arrdt;2
Naissances;2009;14ème arrdt;10206
Naissances;2010;6ème arrdt;1
Naissances;2011;18ème arrdt;2291
Naissances;2012;7ème arrdt;1
Naissances;2012;17ème arrdt;1596
Naissances;2014;3ème arrdt;0
Naissances;2016;12ème arrdt;9700
Naissances;2016;17ème arrdt;1376
Naissances;2017;4ème arrdt;0
Naissances;2017;14ème arrdt;10874
Naissances;2020;6ème arrdt;0
Naissances;2020;7ème arrdt;1
Reconnaissances;2004;14ème arrdt;1157
Reconnaissances;2005;17ème arrdt;866
Reconnaissances;2006;12ème arrdt;1474
Reconnaissances;2006;14ème arrdt;933
Reconnaissances;2006;17ème arrdt;763
Reconnaissances;2007;4ème arrdt;100
Reconnaissances;2007;11ème arrdt;783
Reconnaissances;2009;19ème arrdt;1185
Reconnaissances;2011;20ème arrdt;1055
Reconnaissances;2012;2ème arrdt;106
Reconnaissances;2013;10ème arrdt;507
Reconnaissances;2015;1er arrdt;70
Reconnaissances;2015;6ème arrdt;103
Reconnaissances;2015;8ème arrdt;123
Reconnaissances;2015;20ème arrdt;849
Reconnaissances;2016;4ème arrdt;90
Reconnaissances;2016;15ème arrdt;818
Reconnaissances;2017;20ème arrdt;814
Reconnaissances;2020;17ème arrdt;467
Mariages;2004;7ème arrdt;308
Mariages;2004;11ème arrdt;747
Mariages;2006;14ème arrdt;579
Mariages;2006;20ème arrdt;879
Mariages;2007;1er arrdt;105
Mariages;2007;2ème arrdt;141
Mariages;2007;16ème arrdt;777
Mariages;2009;3ème arrdt;195
Naissances;2004;8ème arrdt;5
Mariages;2009;14ème arrdt;585
Naissances;2004;16ème arrdt;1415
Mariages;2011;3ème arrdt;175
Naissances;2008;17ème arrdt;1703
Mariages;2011;4ème arrdt;120
Naissances;2009;17ème arrdt;1510
Mariages;2011;15ème arrdt;887
Naissances;2011;11ème arrdt;1729
Mariages;2012;1er arrdt;97
Naissances;2012;1er arrdt;1
Mariages;2012;12ème arrdt;538
Naissances;2013;10ème arrdt;2339
Mariages;2013;11ème arrdt;708
Naissances;2013;16ème arrdt;1390
Mariages;2014;14ème arrdt;561
Naissances;2014;6ème arrdt;1
Mariages;2015;8ème arrdt;201
Naissances;2014;7ème arrdt;0
Mariages;2015;19ème arrdt;789
Naissances;2014;17ème arrdt;1569
Mariages;2018;19ème arrdt;842
Naissances;2015;11ème arrdt;6
Décès;2004;10ème arrdt;1283
Naissances;2015;13ème arrdt;3161
Décès;2004;11ème arrdt;368
Naissances;2016;13ème arrdt;3044
Décès;2005;19ème arrdt;463
Naissances;2018;9ème arrdt;6
Décès;2006;6ème arrdt;128
Naissances;2018;15ème arrdt;6548
Décès;2011;10ème arrdt;1372
Reconnaissances;2004;3ème arrdt;191
Décès;2013;15ème arrdt;3316
Reconnaissances;2004;10ème arrdt;897
Décès;2015;5ème arrdt;469
Reconnaissances;2005;15ème arrdt;1165
Décès;2017;1er arrdt;43
Reconnaissances;2005;16ème arrdt;498
Décès;2018;20ème arrdt;1098
Reconnaissances;2006;15ème arrdt;1059
Décès;2020;8ème arrdt;105
Reconnaissances;2007;3ème arrdt;165
Décès;2020;15ème arrdt;3613
Reconnaissances;2011;6ème arrdt;84
Décès;2020;17ème arrdt;434
Reconnaissances;2011;9ème arrdt;259
PACS;2017;3ème arrdt;46
Reconnaissances;2011;17ème arrdt;600
PACS;2019;5ème arrdt;246
Reconnaissances;2012;10ème arrdt;514
Reconnaissances;2013;5ème arrdt;148
Reconnaissances;2013;6ème arrdt;93
Reconnaissances;2014;9ème arrdt;238
Reconnaissances;2014;15ème arrdt;834
Reconnaissances;2015;11ème arrdt;709
Reconnaissances;2016;5ème arrdt;143
Reconnaissances;2017;2ème arrdt;98
Reconnaissances;2018;15ème arrdt;812
Reconnaissances;2018;16ème arrdt;264
Reconnaissances;2019;16ème arrdt;238
Mariages;2004;1er arrdt;121
Mariages;2005;3ème arrdt;251
Mariages;2005;8ème arrdt;220
Mariages;2006;4ème arrdt;128
Mariages;2006;10ème arrdt;548
Mariages;2006;13ème arrdt;851
Mariages;2009;8ème arrdt;243
Mariages;2010;12ème arrdt;544
Mariages;2012;7ème arrdt;239
Mariages;2013;19ème arrdt;851
Mariages;2014;17ème arrdt;557
Mariages;2015;14ème arrdt;504
Mariages;2016;18ème arrdt;800
Mariages;2018;10ème arrdt;420
Mariages;2018;16ème arrdt;788
Mariages;2019;14ème arrdt;566
Mariages;2019;15ème arrdt;921
Décès;2005;11ème arrdt;301
Décès;2006;3ème arrdt;44
Décès;2006;7ème arrdt;173
Décès;2008;14ème arrdt;1802
Décès;2009;14ème arrdt;1916
Décès;2010;7ème arrdt;163
Décès;2010;15ème arrdt;3280
Décès;2010;16ème arrdt;1004
Décès;2011;19ème arrdt;955
Décès;2012;6ème arrdt;105
Décès;2014;12ème arrdt;1577
Décès;2015;6ème arrdt;117
Décès;2015;7ème arrdt;155
Décès;2015;17ème arrdt;289
Décès;2016;9ème arrdt;95
Décès;2016;13ème arrdt;2192
Décès;2016;17ème arrdt;342
Décès;2017;6ème arrdt;103
Décès;2019;11ème arrdt;302
Décès;2019;17ème arrdt;351
PACS;2018;6ème arrdt;94
PACS;2019;19ème arrdt;578
Naissances;2006;4ème arrdt;5
Naissances;2007;2ème arrdt;3
Naissances;2008;8ème arrdt;2
Naissances;2008;14ème arrdt;9961
Naissances;2009;16ème arrdt;1395
Naissances;2010;11ème arrdt;1847
Naissances;2010;20ème arrdt;2471
Naissances;2011;17ème arrdt;1631
Naissances;2014;9ème arrdt;4
Naissances;2017;8ème arrdt;0
Naissances;2017;19ème arrdt;3035
Naissances;2019;3ème arrdt;1
Naissances;2019;13ème arrdt;2927
Naissances;2020;8ème arrdt;3
Reconnaissances;2005;13ème arrdt;1447
Reconnaissances;2007;14ème arrdt;710
Reconnaissances;2008;13ème arrdt;1003
Reconnaissances;2009;14ème arrdt;702
Reconnaissances;2010;16ème arrdt;293
Reconnaissances;2012;20ème arrdt;929
Reconnaissances;2014;17ème arrdt;586
Reconnaissances;2016;14ème arrdt;687
Reconnaissances;2017;3ème arrdt;124
Reconnaissances;2017;10ème arrdt;551
Reconnaissances;2017;11ème arrdt;613
Reconnaissances;2017;19ème arrdt;877
Reconnaissances;2019;9ème arrdt;210
Mariages;2006;19ème arrdt;1003
Mariages;2007;5ème arrdt;279
Mariages;2008;6ème arrdt;219
Mariages;2009;4ème arrdt;128
Mariages;2010;3ème arrdt;174
Mariages;2010;20ème arrdt;699
Mariages;2011;2ème arrdt;107
Mariages;2012;19ème arrdt;933
Mariages;2014;4ème arrdt;146
Mariages;2015;13ème arrdt;680
Mariages;2016;19ème arrdt;861
Mariages;2017;6ème arrdt;189
Mariages;2017;11ème arrdt;636
Mariages;2018;6ème arrdt;175
Mariages;2018;15ème arrdt;1003
Mariages;2020;15ème arrdt;699
Décès;2004;12ème arrdt;1529
Décès;2004;16ème arrdt;711
Décès;2006;14ème arrdt;1831
Décès;2007;7ème arrdt;210
Décès;2007;16ème arrdt;906
Décès;2008;7ème arrdt;224
Décès;2008;9ème arrdt;85
Décès;2008;16ème arrdt;950
Décès;2009;12ème arrdt;1558
Décès;2011;4ème arrdt;279
Décès;2011;13ème arrdt;2184
Décès;2011;16ème arrdt;920
Décès;2011;20ème arrdt;1111
Naissances;2005;9ème arrdt;1
Décès;2012;20ème arrdt;1146
Naissances;2008;4ème arrdt;2
Décès;2019;5ème arrdt;364
Naissances;2009;6ème arrdt;2
Décès;2019;16ème arrdt;1017
Naissances;2009;12ème arrdt;10904
Décès;2020;1er arrdt;39
Naissances;2009;18ème arrdt;2049
Décès;2020;9ème arrdt;112
Naissances;2010;15ème arrdt;5471
Naissances;2011;20ème arrdt;2205
Naissances;2012;9ème arrdt;5
Naissances;2012;12ème arrdt;8859
Naissances;2013;19ème arrdt;3026
Naissances;2015;5ème arrdt;1
Naissances;2017;13ème arrdt;3018
Naissances;2004;6ème arrdt;2
Naissances;2018;1er arrdt;0
Naissances;2005;15ème arrdt;4563
Naissances;2018;6ème arrdt;0
Naissances;2006;1er arrdt;1
Naissances;2019;1er arrdt;1
Naissances;2008;3ème arrdt;2
Reconnaissances;2005;12ème arrdt;1957
Naissances;2010;14ème arrdt;10235
Reconnaissances;2006;16ème arrdt;449
Naissances;2010;18ème arrdt;2220
Reconnaissances;2007;13ème arrdt;967
Naissances;2011;1er arrdt;1
Reconnaissances;2008;7ème arrdt;121
Naissances;2011;15ème arrdt;5713
Reconnaissances;2008;18ème arrdt;1317
Naissances;2012;8ème arrdt;1
Reconnaissances;2009;20ème arrdt;1033
Naissances;2013;13ème arrdt;3593
Reconnaissances;2010;7ème arrdt;92
Naissances;2014;18ème arrdt;2196
Reconnaissances;2010;11ème arrdt;781
Naissances;2015;10ème arrdt;2564
Reconnaissances;2010;14ème arrdt;745
Naissances;2016;1er arrdt;1
Reconnaissances;2011;5ème arrdt;154
Naissances;2016;3ème arrdt;2
Naissances;2004;7ème arrdt;0
Reconnaissances;2011;11ème arrdt;735
Naissances;2017;6ème arrdt;1
Naissances;2006;15ème arrdt;4787
Reconnaissances;2011;16ème arrdt;293
Naissances;2017;16ème arrdt;1074
Naissances;2006;17ème arrdt;2047
Reconnaissances;2012;8ème arrdt;106
Naissances;2018;17ème arrdt;1060
Naissances;2006;19ème arrdt;3077
Reconnaissances;2012;9ème arrdt;215
Naissances;2019;4ème arrdt;2
Naissances;2007;15ème arrdt;4773
Reconnaissances;2015;5ème arrdt;138
Naissances;2019;7ème arrdt;2
Naissances;2008;6ème arrdt;0
Reconnaissances;2015;14ème arrdt;720
Naissances;2019;14ème arrdt;10981
Naissances;2008;10ème arrdt;2334
Reconnaissances;2017;6ème arrdt;99
Naissances;2020;19ème arrdt;3080
Naissances;2010;17ème arrdt;1586
Reconnaissances;2020;9ème arrdt;151
Reconnaissances;2004;15ème arrdt;1080
Naissances;2010;19ème arrdt;2860
Mariages;2004;12ème arrdt;626
Reconnaissances;2008;3ème arrdt;141
Naissances;2011;4ème arrdt;0
Mariages;2008;4ème arrdt;127
Reconnaissances;2008;9ème arrdt;254
Naissances;2011;12ème arrdt;9551
Mariages;2008;17ème arrdt;551
Reconnaissances;2009;7ème arrdt;100
Naissances;2012;6ème arrdt;0
Mariages;2008;19ème arrdt;882
Reconnaissances;2009;18ème arrdt;1247
Naissances;2013;2ème arrdt;0
Mariages;2009;20ème arrdt;762
Reconnaissances;2010;2ème arrdt;93
Naissances;2013;17ème arrdt;1524
Mariages;2011;10ème arrdt;389
Reconnaissances;2010;19ème arrdt;1040
Naissances;2014;20ème arrdt;2608
Mariages;2011;16ème arrdt;664
Reconnaissances;2013;4ème arrdt;98
Naissances;2015;3ème arrdt;0
Mariages;2012;13ème arrdt;665
Reconnaissances;2013;18ème arrdt;1325
Naissances;2015;7ème arrdt;0
Mariages;2012;18ème arrdt;669
Reconnaissances;2014;2ème arrdt;109
Naissances;2018;11ème arrdt;6
Mariages;2014;13ème arrdt;669
Reconnaissances;2014;6ème arrdt;86
Naissances;2020;9ème arrdt;6
Mariages;2015;3ème arrdt;262
Reconnaissances;2014;11ème arrdt;659
Naissances;2020;10ème arrdt;2263
Mariages;2016;2ème arrdt;137
Reconnaissances;2014;16ème arrdt;273
Reconnaissances;2008;15ème arrdt;867
Mariages;2016;3ème arrdt;259
Reconnaissances;2016;9ème arrdt;246
Reconnaissances;2009;8ème arrdt;106
Mariages;2016;10ème arrdt;381
Reconnaissances;2018;1er arrdt;44
Reconnaissances;2009;10ème arrdt;657
Mariages;2017;7ème arrdt;297
Reconnaissances;2020;7ème arrdt;75
Reconnaissances;2009;16ème arrdt;308
Mariages;2017;10ème arrdt;384
Reconnaissances;2020;8ème arrdt;78
Reconnaissances;2011;3ème arrdt;164
Mariages;2019;8ème arrdt;211
Reconnaissances;2020;15ème arrdt;669
Reconnaissances;2017;5ème arrdt;138
Décès;2004;6ème arrdt;91
Reconnaissances;2020;20ème arrdt;548
Reconnaissances;2019;3ème arrdt;115
Décès;2005;14ème arrdt;2061
Mariages;2004;6ème arrdt;235
Reconnaissances;2019;4ème arrdt;77
Décès;2006;17ème arrdt;382
Mariages;2007;11ème arrdt;736
Reconnaissances;2020;2ème arrdt;38
Décès;2007;12ème arrdt;1528
Mariages;2008;12ème arrdt;542
Reconnaissances;2020;4ème arrdt;30
Décès;2009;19ème arrdt;648
Mariages;2009;6ème arrdt;197
Reconnaissances;2020;12ème arrdt;590
Décès;2009;20ème arrdt;1230
Mariages;2009;17ème arrdt;564
Mariages;2005;17ème arrdt;602
Décès;2010;14ème arrdt;1951
Mariages;2011;8ème arrdt;207
Mariages;2006;5ème arrdt;289
Décès;2011;12ème arrdt;1590
Mariages;2013;13ème arrdt;703
Mariages;2006;9ème arrdt;355
Décès;2012;8ème arrdt;112
Mariages;2014;16ème arrdt;796
Mariages;2007;10ème arrdt;442
Décès;2012;13ème arrdt;2054
Mariages;2014;18ème arrdt;804
Mariages;2008;9ème arrdt;293
Décès;2012;15ème arrdt;3306
Mariages;2015;15ème arrdt;914
Mariages;2009;9ème arrdt;295
Décès;2013;14ème arrdt;2023
Mariages;2017;5ème arrdt;251
Mariages;2010;4ème arrdt;126
Décès;2013;18ème arrdt;1399
Mariages;2017;12ème arrdt;531
Mariages;2010;19ème arrdt;932
Décès;2015;20ème arrdt;1146
Mariages;2017;18ème arrdt;700
Mariages;2011;9ème arrdt;252
Décès;2016;3ème arrdt;60
Mariages;2018;3ème arrdt;233
Mariages;2012;17ème arrdt;503
Décès;2016;7ème arrdt;179
Mariages;2019;2ème arrdt;102
Mariages;2013;14ème arrdt;593
Décès;2016;12ème arrdt;1567
Mariages;2019;5ème arrdt;287
Mariages;2014;1er arrdt;124
Décès;2017;4ème arrdt;49
Mariages;2019;12ème arrdt;488
Mariages;2016;13ème arrdt;653
Décès;2017;9ème arrdt;88
Mariages;2019;18ème arrdt;662
Mariages;2017;1er arrdt;101
Décès;2018;14ème arrdt;2191
Mariages;2020;5ème arrdt;215
Mariages;2017;3ème arrdt;244
Décès;2019;6ème arrdt;116
Décès;2004;1er arrdt;35
Mariages;2017;14ème arrdt;536
Décès;2020;13ème arrdt;2700
Décès;2005;16ème arrdt;777
Mariages;2019;4ème arrdt;139
PACS;2017;6ème arrdt;51
Décès;2006;8ème arrdt;128
Mariages;2019;13ème arrdt;612
PACS;2017;11ème arrdt;123
Décès;2010;8ème arrdt;100
Mariages;2019;17ème arrdt;505
PACS;2017;12ème arrdt;185
Décès;2010;11ème arrdt;288
Mariages;2020;7ème arrdt;197
PACS;2018;11ème arrdt;825
Décès;2013;3ème arrdt;49
Décès;2004;2ème arrdt;53
PACS;2019;4ème arrdt;138
Décès;2013;5ème arrdt;712
Décès;2004;4ème arrdt;317
PACS;2019;9ème arrdt;270
Décès;2013;16ème arrdt;1007
Décès;2004;14ème arrdt;2086
PACS;2020;11ème arrdt;692
Décès;2015;11ème arrdt;347
Décès;2006;13ème arrdt;1864
Décès;2016;4ème arrdt;42
Décès;2006;16ème arrdt;859
Décès;2017;3ème arrdt;41
Décès;2007;5ème arrdt;572
Décès;2020;7ème arrdt;189
Décès;2007;10ème arrdt;1454
Décès;2020;10ème arrdt;1463
Décès;2007;14ème arrdt;1751
PACS;2017;10ème arrdt;165
Décès;2008;2ème arrdt;39
PACS;2018;1er arrdt;81
Décès;2008;19ème arrdt;488
PACS;2018;13ème arrdt;730
Décès;2009;9ème arrdt;91
PACS;2019;15ème arrdt;941
Décès;2010;18ème arrdt;1392
PACS;2019;17ème arrdt;687
Décès;2011;2ème arrdt;32
PACS;2020;4ème arrdt;86
Décès;2011;6ème arrdt;96
PACS;2020;5ème arrdt;188
Décès;2011;17ème arrdt;389
Décès;2014;14ème arrdt;1962
Décès;2015;15ème arrdt;3522
Décès;2016;10ème arrdt;1262
Décès;2016;11ème arrdt;234
Décès;2016;20ème arrdt;1047
Décès;2017;8ème arrdt;78
Décès;2017;11ème arrdt;283
Décès;2017;16ème arrdt;1121
Décès;2018;1er arrdt;34
Décès;2018;6ème arrdt;117
Décès;2018;8ème arrdt;86
Décès;2018;16ème arrdt;1012
Décès;2018;17ème arrdt;347
Décès;2019;19ème arrdt;1112
Décès;2020;19ème arrdt;1289
PACS;2017;4ème arrdt;37
PACS;2017;15ème arrdt;326
PACS;2017;19ème arrdt;154
PACS;2018;7ème arrdt;109
Naissances;2005;16ème arrdt;1255
Naissances;2005;20ème arrdt;2281
Naissances;2012;10ème arrdt;2475
Naissances;2012;15ème arrdt;5379
Naissances;2013;14ème arrdt;10279
Naissances;2014;11ème arrdt;10
Naissances;2014;19ème arrdt;3050
Naissances;2015;15ème arrdt;5902
Naissances;2016;18ème arrdt;2222
Naissances;2017;15ème arrdt;6059
Naissances;2018;12ème arrdt;9384
Naissances;2018;16ème arrdt;1125
Naissances;2019;6ème arrdt;1
Naissances;2019;16ème arrdt;1161
Reconnaissances;2004;2ème arrdt;147
Reconnaissances;2004;9ème arrdt;339
Reconnaissances;2004;16ème arrdt;522
Reconnaissances;2005;9ème arrdt;296
Reconnaissances;2006;20ème arrdt;1161
Reconnaissances;2008;2ème arrdt;89
Reconnaissances;2008;6ème arrdt;85
Reconnaissances;2010;20ème arrdt;1080
Reconnaissances;2012;11ème arrdt;752
Reconnaissances;2013;19ème arrdt;1050
Reconnaissances;2014;3ème arrdt;135
Reconnaissances;2014;10ème arrdt;482
Reconnaissances;2014;13ème arrdt;995
Reconnaissances;2016;1er arrdt;55
Reconnaissances;2016;10ème arrdt;502
Reconnaissances;2016;13ème arrdt;959
Reconnaissances;2018;9ème arrdt;237
Reconnaissances;2018;11ème arrdt;629
Reconnaissances;2019;5ème arrdt;123
Reconnaissances;2019;13ème arrdt;815
Reconnaissances;2019;19ème arrdt;725
Mariages;2005;1er arrdt;115
Mariages;2005;9ème arrdt;338
Mariages;2007;17ème arrdt;557
Mariages;2009;1er arrdt;99
Mariages;2012;9ème arrdt;238
Mariages;2014;15ème arrdt;1029
Mariages;2016;1er arrdt;116
Mariages;2016;4ème arrdt;143
Mariages;2018;14ème arrdt;562
Mariages;2019;7ème arrdt;278
Décès;2004;20ème arrdt;1318
Décès;2005;5ème arrdt;612
Décès;2007;18ème arrdt;1545
Décès;2009;7ème arrdt;192
Décès;2010;9ème arrdt;86
Décès;2011;8ème arrdt;108
Décès;2012;18ème arrdt;1385
Décès;2014;3ème arrdt;51
Décès;2014;16ème arrdt;954
Décès;2015;9ème arrdt;104
Décès;2017;7ème arrdt;178
Décès;2018;12ème arrdt;1562
Décès;2020;5ème arrdt;382
PACS;2019;2ème arrdt;129
PACS;2020;8ème arrdt;114
PACS;2020;9ème arrdt;278
PACS;2020;20ème arrdt;557
Naissances;2004;9ème arrdt;3
Naissances;2004;14ème arrdt;10623
Naissances;2005;6ème arrdt;0
Naissances;2007;8ème arrdt;2
Naissances;2007;14ème arrdt;10199
Naissances;2008;13ème arrdt;3321
Naissances;2009;9ème arrdt;4
Naissances;2009;10ème arrdt;2481
Naissances;2010;10ème arrdt;2563
Naissances;2011;2ème arrdt;1
Naissances;2011;5ème arrdt;3
Naissances;2011;10ème arrdt;2440
Naissances;2012;19ème arrdt;3004
Naissances;2013;11ème arrdt;7
Naissances;2013;20ème arrdt;2786
Naissances;2015;18ème arrdt;2229
Naissances;2016;6ème arrdt;1
Naissances;2017;5ème arrdt;5
Naissances;2019;10ème arrdt;2431
Naissances;2019;12ème arrdt;9648
Reconnaissances;2006;13ème arrdt;1276
Reconnaissances;2007;19ème arrdt;1107
Reconnaissances;2008;10ème arrdt;606
Reconnaissances;2013;15ème arrdt;841
Reconnaissances;2014;5ème arrdt;160
Reconnaissances;2015;10ème arrdt;561
Reconnaissances;2015;17ème arrdt;547
Reconnaissances;2016;11ème arrdt;630
Reconnaissances;2018;2ème arrdt;92
Reconnaissances;2020;19ème arrdt;717
Mariages;2004;20ème arrdt;954
Mariages;2005;12ème arrdt;663
Mariages;2007;13ème arrdt;810
Mariages;2008;1er arrdt;101
Mariages;2008;3ème arrdt;231
Mariages;2008;5ème arrdt;277
Mariages;2008;13ème arrdt;756
Mariages;2008;14ème arrdt;544
Mariages;2009;19ème arrdt;921
Mariages;2010;1er arrdt;115
Mariages;2010;13ème arrdt;642
Mariages;2012;10ème arrdt;373
Mariages;2013;15ème arrdt;966
Mariages;2013;16ème arrdt;762
Mariages;2016;6ème arrdt;212
Mariages;2017;9ème arrdt;288
Mariages;2019;20ème arrdt;636
Mariages;2020;9ème arrdt;159
Décès;2004;19ème arrdt;452
Décès;2006;9ème arrdt;106
Décès;2006;19ème arrdt;543
Décès;2007;20ème arrdt;1301
Décès;2008;5ème arrdt;538
Décès;2008;8ème arrdt;130
Décès;2009;10ème arrdt;1382
Décès;2009;11ème arrdt;290
Décès;2011;7ème arrdt;170
Décès;2011;11ème arrdt;246
Décès;2012;1er arrdt;27
Décès;2014;7ème arrdt;145
Décès;2015;13ème arrdt;2228
Décès;2016;8ème arrdt;90
Décès;2017;2ème arrdt;27
Décès;2018;13ème arrdt;2211
Décès;2019;8ème arrdt;88
Décès;2019;9ème arrdt;103
PACS;2017;2ème arrdt;50
PACS;2017;7ème arrdt;47
PACS;2017;16ème arrdt;108
PACS;2017;17ème arrdt;151
PACS;2019;16ème arrdt;281
Naissances;2004;4ème arrdt;5
Naissances;2004;18ème arrdt;2434
Naissances;2005;8ème arrdt;0
Naissances;2005;13ème arrdt;3601
Naissances;2008;7ème arrdt;5
Naissances;2008;16ème arrdt;1179
Naissances;2009;2ème arrdt;1
Naissances;2009;8ème arrdt;1
Naissances;2010;16ème arrdt;1602
Naissances;2011;7ème arrdt;1
Naissances;2013;5ème arrdt;1
Naissances;2014;12ème arrdt;9432
Naissances;2015;1er arrdt;0
Naissances;2015;8ème arrdt;4
Naissances;2016;4ème arrdt;1
Naissances;2018;19ème arrdt;3125
Naissances;2020;2ème arrdt;0
Naissances;2020;13ème arrdt;2874
Reconnaissances;2004;12ème arrdt;1980
Reconnaissances;2004;18ème arrdt;1991
Reconnaissances;2005;8ème arrdt;139
Reconnaissances;2005;10ème arrdt;913
Reconnaissances;2007;5ème arrdt;150
Reconnaissances;2010;12ème arrdt;845
Reconnaissances;2011;12ème arrdt;740
Reconnaissances;2012;14ème arrdt;724
Reconnaissances;2013;9ème arrdt;211
Reconnaissances;2014;4ème arrdt;96
Reconnaissances;2015;16ème arrdt;267
Reconnaissances;2016;2ème arrdt;109
Reconnaissances;2018;5ème arrdt;129
Reconnaissances;2019;1er arrdt;47
Reconnaissances;2020;13ème arrdt;760
Mariages;2005;16ème arrdt;803
Mariages;2006;2ème arrdt;119
Mariages;2009;11ème arrdt;619
Mariages;2010;14ème arrdt;588
Mariages;2010;17ème arrdt;563
Mariages;2011;19ème arrdt;916
Mariages;2012;8ème arrdt;196
Mariages;2013;2ème arrdt;127
Mariages;2013;4ème arrdt;158
Mariages;2013;9ème arrdt;303
Mariages;2014;6ème arrdt;201
Mariages;2014;8ème arrdt;221
Mariages;2014;19ème arrdt;868
Mariages;2015;5ème arrdt;291
Mariages;2015;6ème arrdt;216
Mariages;2015;16ème arrdt;796
Mariages;2016;16ème arrdt;749
Mariages;2018;1er arrdt;104
Mariages;2018;7ème arrdt;287
Mariages;2018;8ème arrdt;199
Mariages;2018;20ème arrdt;586
Mariages;2019;11ème arrdt;594
Mariages;2019;19ème arrdt;847
Mariages;2020;4ème arrdt;58
Décès;2004;7ème arrdt;231
Décès;2005;18ème arrdt;1428
Décès;2006;10ème arrdt;1433
Décès;2009;2ème arrdt;42
Décès;2009;18ème arrdt;1411
Décès;2010;10ème arrdt;1344
Décès;2014;6ème arrdt;106
Décès;2015;8ème arrdt;104
Décès;2016;16ème arrdt;1022
Décès;2018;10ème arrdt;1351
PACS;2017;5ème arrdt;75
PACS;2018;16ème arrdt;296
PACS;2018;18ème arrdt;964
PACS;2020;7ème arrdt;148
PACS;2020;15ème arrdt;782
PACS;2020;19ème arrdt;508
Naissances;2004;2ème arrdt;1
Naissances;2006;18ème arrdt;2137
Naissances;2007;11ème arrdt;1144
Naissances;2011;8ème arrdt;3
Naissances;2011;14ème arrdt;9804
Naissances;2013;3ème arrdt;0
Naissances;2014;2ème arrdt;0
Naissances;2014;8ème arrdt;4
Naissances;2014;13ème arrdt;3427
Naissances;2016;5ème arrdt;4
Naissances;2016;19ème arrdt;3102
Naissances;2016;20ème arrdt;1869
Naissances;2017;2ème arrdt;1
Naissances;2017;7ème arrdt;1
Naissances;2017;11ème arrdt;9
Naissances;2017;17ème arrdt;1289
Naissances;2018;8ème arrdt;2
Naissances;2018;14ème arrdt;11140
Naissances;2018;18ème arrdt;2141
Naissances;2019;19ème arrdt;3103
Naissances;2020;18ème arrdt;2061
Reconnaissances;2006;4ème arrdt;124
Reconnaissances;2007;1er arrdt;61
Reconnaissances;2007;9ème arrdt;285
Reconnaissances;2009;3ème arrdt;138
Reconnaissances;2009;9ème arrdt;250
Reconnaissances;2010;8ème arrdt;125
Reconnaissances;2011;4ème arrdt;110
Reconnaissances;2012;3ème arrdt;109
Reconnaissances;2012;5ème arrdt;131
Reconnaissances;2013;14ème arrdt;752
Reconnaissances;2013;17ème arrdt;541
Reconnaissances;2013;20ème arrdt;993
Reconnaissances;2014;1er arrdt;64
Reconnaissances;2015;18ème arrdt;1195
Reconnaissances;2016;7ème arrdt;89
Reconnaissances;2017;4ème arrdt;89
Reconnaissances;2017;13ème arrdt;874
Reconnaissances;2018;18ème arrdt;1151
Reconnaissances;2019;12ème arrdt;646
Mariages;2004;3ème arrdt;250
Mariages;2004;18ème arrdt;992
Mariages;2005;11ème arrdt;786
Mariages;2006;16ème arrdt;809
Mariages;2007;14ème arrdt;516
Mariages;2008;16ème arrdt;749
Mariages;2010;9ème arrdt;275
Mariages;2011;14ème arrdt;533
Mariages;2013;10ème arrdt;448
Mariages;2015;2ème arrdt;142
Mariages;2015;9ème arrdt;281
Mariages;2015;12ème arrdt;568
Mariages;2015;17ème arrdt;493
Mariages;2015;18ème arrdt;685
Mariages;2015;20ème arrdt;710
Mariages;2016;12ème arrdt;518
Mariages;2016;14ème arrdt;520
Mariages;2019;16ème arrdt;789
Mariages;2020;6ème arrdt;130
Décès;2004;17ème arrdt;339
Décès;2005;13ème arrdt;1956
Décès;2007;2ème arrdt;42
Décès;2008;6ème arrdt;97
Décès;2009;5ème arrdt;569
Décès;2010;20ème arrdt;1166
Décès;2012;9ème arrdt;87
Décès;2012;10ème arrdt;1370
Décès;2013;7ème arrdt;186
Décès;2013;12ème arrdt;1625
Décès;2014;5ème arrdt;666
Décès;2014;18ème arrdt;1370
Décès;2014;19ème arrdt;1138
Décès;2017;10ème arrdt;1341
Décès;2017;14ème arrdt;2088
Décès;2017;18ème arrdt;1676
Décès;2020;11ème arrdt;371
Décès;2020;16ème arrdt;1074
PACS;2018;4ème arrdt;125
PACS;2018;9ème arrdt;296
PACS;2018;10ème arrdt;501
PACS;2018;20ème arrdt;711
PACS;2019;3ème arrdt;184
PACS;2019;20ème arrdt;665
PACS;2020;16ème arrdt;237
Naissances;2004;10ème arrdt;1759
Naissances;2005;14ème arrdt;10503
Naissances;2006;13ème arrdt;3541
Naissances;2007;3ème arrdt;1
Naissances;2007;9ème arrdt;0
Naissances;2007;18ème arrdt;2176
Naissances;2007;20ème arrdt;2237
Naissances;2008;2ème arrdt;1
Naissances;2008;15ème arrdt;5125
Naissances;2009;1er arrdt;2
Naissances;2010;3ème arrdt;4
Naissances;2012;4ème arrdt;1
Naissances;2012;14ème arrdt;10380
Naissances;2013;15ème arrdt;6111
Naissances;2016;2ème arrdt;0
Naissances;2017;12ème arrdt;8871
Naissances;2018;13ème arrdt;3077
Reconnaissances;2006;1er arrdt;74
Reconnaissances;2006;3ème arrdt;183
Reconnaissances;2007;12ème arrdt;885
Reconnaissances;2007;17ème arrdt;659
Reconnaissances;2008;1er arrdt;54
Reconnaissances;2009;11ème arrdt;792
Reconnaissances;2013;8ème arrdt;115
Reconnaissances;2013;12ème arrdt;844
Reconnaissances;2014;8ème arrdt;106
Reconnaissances;2014;18ème arrdt;1332
Reconnaissances;2015;15ème arrdt;917
Reconnaissances;2017;18ème arrdt;1206
Reconnaissances;2018;8ème arrdt;133
Reconnaissances;2018;19ème arrdt;789
Reconnaissances;2019;7ème arrdt;76
Mariages;2004;13ème arrdt;806
Mariages;2004;15ème arrdt;1057
Mariages;2006;8ème arrdt;237
Mariages;2007;20ème arrdt;797
Mariages;2008;8ème arrdt;214
Mariages;2009;16ème arrdt;750
Mariages;2010;8ème arrdt;231
Mariages;2010;18ème arrdt;744
Mariages;2012;2ème arrdt;111
Mariages;2012;5ème arrdt;280
Mariages;2013;18ème arrdt;746
Mariages;2014;7ème arrdt;287
Mariages;2015;4ème arrdt;133
Mariages;2015;7ème arrdt;281
Mariages;2016;9ème arrdt;314
Mariages;2016;15ème arrdt;876
Mariages;2018;2ème arrdt;122
Mariages;2018;11ème arrdt;626
Mariages;2018;18ème arrdt;804
Mariages;2020;3ème arrdt;208
Mariages;2020;10ème arrdt;230
Décès;2004;3ème arrdt;56
Décès;2008;17ème arrdt;344
Décès;2008;18ème arrdt;1449
Décès;2008;20ème arrdt;1249
Décès;2009;16ème arrdt;936
Décès;2010;12ème arrdt;1639
Décès;2010;19ème arrdt;858
Décès;2011;5ème arrdt;641
Décès;2012;5ème arrdt;678
Décès;2014;4ème arrdt;55
Décès;2014;17ème arrdt;346
Décès;2015;12ème arrdt;1637
Décès;2017;12ème arrdt;1518
Décès;2019;4ème arrdt;53
PACS;2018;3ème arrdt;182
PACS;2018;15ème arrdt;1002
PACS;2020;18ème arrdt;798
Naissances;2006;3ème arrdt;2
Naissances;2006;5ème arrdt;3
Naissances;2006;16ème arrdt;1134
Naissances;2006;20ème arrdt;2115
Naissances;2007;16ème arrdt;1054
Naissances;2008;5ème arrdt;1
Naissances;2008;19ème arrdt;2953
Naissances;2010;1er arrdt;1
Naissances;2010;12ème arrdt;10226
Naissances;2011;16ème arrdt;1345
Naissances;2013;9ème arrdt;2
Naissances;2014;16ème arrdt;1319
Naissances;2015;9ème arrdt;4
Naissances;2015;12ème arrdt;9691
Naissances;2015;14ème arrdt;10586
Naissances;2015;20ème arrdt;2615
Naissances;2016;11ème arrdt;5
Naissances;2018;2ème arrdt;2
Naissances;2019;17ème arrdt;1080
Naissances;2019;20ème arrdt;2611
Naissances;2020;5ème arrdt;3
Naissances;2020;11ème arrdt;7
Naissances;2020;20ème arrdt;2558
Reconnaissances;2004;1er arrdt;79
Reconnaissances;2004;6ème arrdt;136
Reconnaissances;2004;17ème arrdt;918
Reconnaissances;2005;4ème arrdt;137
Reconnaissances;2005;6ème arrdt;120
Reconnaissances;2005;14ème arrdt;1073
Reconnaissances;2006;9ème arrdt;311
Reconnaissances;2007;7ème arrdt;105
Reconnaissances;2009;2ème arrdt;96
Reconnaissances;2009;5ème arrdt;152
Reconnaissances;2010;3ème arrdt;137
Reconnaissances;2010;13ème arrdt;938
Reconnaissances;2011;7ème arrdt;96
Reconnaissances;2011;8ème arrdt;106
Reconnaissances;2011;19ème arrdt;1104
Reconnaissances;2013;2ème arrdt;84
Reconnaissances;2013;13ème arrdt;934
Reconnaissances;2013;16ème arrdt;283
Reconnaissances;2015;7ème arrdt;89
Reconnaissances;2016;6ème arrdt;99
Reconnaissances;2016;16ème arrdt;265
Reconnaissances;2017;8ème arrdt;126
Reconnaissances;2017;16ème arrdt;261
Reconnaissances;2020;6ème arrdt;61
Reconnaissances;2020;18ème arrdt;949
Mariages;2004;17ème arrdt;633
Mariages;2005;14ème arrdt;663
Mariages;2005;20ème arrdt;980
Mariages;2008;15ème arrdt;953
Mariages;2009;13ème arrdt;778
Mariages;2010;5ème arrdt;287
Mariages;2010;6ème arrdt;206
Mariages;2010;15ème arrdt;924
Mariages;2011;7ème arrdt;247
Mariages;2012;15ème arrdt;996
Mariages;2013;3ème arrdt;250
Mariages;2014;9ème arrdt;316
Mariages;2018;17ème arrdt;525
Mariages;2019;3ème arrdt;224
Mariages;2020;1er arrdt;39
Mariages;2020;20ème arrdt;393
Décès;2004;5ème arrdt;623
Décès;2004;15ème arrdt;2744
Décès;2005;1er arrdt;35
Décès;2005;6ème arrdt;114
Décès;2007;17ème arrdt;386
Décès;2008;12ème arrdt;1534
Décès;2010;2ème arrdt;38
Décès;2011;1er arrdt;47
Décès;2011;14ème arrdt;1973
Décès;2012;4ème arrdt;248
Décès;2013;10ème arrdt;1364
Décès;2013;13ème arrdt;2200
Décès;2013;19ème arrdt;1160
Décès;2014;10ème arrdt;1348
Décès;2015;4ème arrdt;44
Décès;2018;11ème arrdt;280
Décès;2019;15ème arrdt;3505
Décès;2019;18ème arrdt;1500
Décès;2020;3ème arrdt;64
PACS;2017;13ème arrdt;123
PACS;2018;19ème arrdt;652
PACS;2019;7ème arrdt;147
PACS;2019;14ème arrdt;574
